{"number_episodes": 1, "episode_rewards": [652.0999999999541], "mean_all_episodes": 652.0999999999541, "std_all_episodes": 0.0}